{
  "label": "exp83_stage1_steer075_seed42_iter50_recheck3x3_normal",
  "checkpoint": "/home/uniubi/projects/forklift_sim/IsaacLab/logs/rsl_rl/forklift_pallet_insert_lift/2026-03-31_11-15-24_exp83_stage1_steer075_seed42_iter50_256cam/model_49.pt",
  "mode": "normal",
  "steer_scale": 1.0,
  "num_envs": 1,
  "episodes_per_point": 1,
  "total_grid_points": 9,
  "total_point_repeats": 9,
  "completed_point_repeats": 9,
  "planned_episodes": 9,
  "total_episodes": 9,
  "x_root": -3.4,
  "y_values": [
    -0.1,
    0.0,
    0.1
  ],
  "yaw_deg_values": [
    -4.0,
    0.0,
    4.0
  ],
  "success_rate_ep": 0.4444444444444444,
  "ever_inserted_rate": 0.6666666666666666,
  "ever_inserted_push_free_rate": 0.3333333333333333,
  "ever_hold_entry_rate": 0.4444444444444444,
  "ever_clean_insert_ready_rate": 0.3333333333333333,
  "ever_dirty_insert_rate": 0.3333333333333333,
  "timeout_frac": 0.5555555555555556,
  "mean_episode_length": 696.7777777777778,
  "mean_max_pallet_disp_xy": 2.400016559887364,
  "mean_max_hold_counter": 4.0,
  "mean_min_dist_front": 0.009724113676283095,
  "mean_abs_steer_raw": 0.040333343462811574,
  "mean_max_abs_steer_raw": 0.045942174891630806,
  "mean_steer_raw": 0.040333343462811574,
  "mean_steer_applied": 0.040333343462811574,
  "mean_abs_steer_applied": 0.040333343462811574,
  "mean_max_abs_steer_applied": 0.045942174891630806,
  "complete": true,
  "termination_requested": false,
  "termination_reason": "",
  "error": null,
  "elapsed_sec": 313.94199562072754
}