{
  "label": "exp83_zero_steer_r1_seed42_iter100",
  "checkpoint": "/home/uniubi/projects/forklift_sim/IsaacLab/logs/rsl_rl/forklift_pallet_insert_lift/2026-03-27_01-16-53_exp83_bonusw1p0_repro_r1_seed42_iter100_256cam/model_99.pt",
  "num_envs": 16,
  "rollouts": 4,
  "total_episodes": 64,
  "eval_seed": 20260327,
  "steer_mode": "zero_steer",
  "success_rate_ep": 0.953125,
  "ever_inserted_rate": 1.0,
  "ever_inserted_push_free_rate": 0.875,
  "ever_hold_entry_rate": 0.953125,
  "ever_clean_insert_ready_rate": 0.875,
  "ever_dirty_insert_rate": 0.140625,
  "timeout_frac": 0.0,
  "mean_episode_length": 168.328125,
  "mean_max_pallet_disp_xy": 0.1225062835064259,
  "p90_max_pallet_disp_xy": 0.11141595989465714,
  "mean_max_hold_counter": 8.578125,
  "p90_max_hold_counter": 9.0,
  "step_mean_frac_inserted": 0.25545344843590456,
  "step_mean_frac_inserted_push_free": 0.04613385315139701,
  "step_mean_frac_hold_entry": 0.050960735171261484,
  "step_mean_frac_clean_insert_ready": 0.04613385315139701,
  "step_mean_frac_dirty_insert": 0.20931959528450755,
  "step_mean_frac_success": 0.005662303907917943,
  "step_mean_pallet_disp_xy": 0.22063358215906476,
  "step_mean_abs_drive_raw": 0.1212017125312879,
  "step_mean_abs_steer_raw": 0.03219851334753485,
  "step_mean_abs_drive_applied": 0.1212017125312879,
  "step_mean_abs_steer_applied": 0.0,
  "step_mean_steer_signflip_rate": 0.0,
  "mean_abs_steer_raw_ep": 0.03223669558065012,
  "mean_abs_steer_applied_ep": 0.0,
  "mean_max_abs_steer_raw_ep": 0.03745418752077967
}