{
  "label": "exp83_zero_steer_r1_seed44_iter100",
  "checkpoint": "/home/uniubi/projects/forklift_sim/IsaacLab/logs/rsl_rl/forklift_pallet_insert_lift/2026-03-27_03-04-32_exp83_bonusw1p0_repro_r1_seed44_iter100_256cam/model_99.pt",
  "num_envs": 16,
  "rollouts": 4,
  "total_episodes": 64,
  "eval_seed": 20260327,
  "steer_mode": "zero_steer",
  "success_rate_ep": 0.96875,
  "ever_inserted_rate": 1.0,
  "ever_inserted_push_free_rate": 0.921875,
  "ever_hold_entry_rate": 0.96875,
  "ever_clean_insert_ready_rate": 0.921875,
  "ever_dirty_insert_rate": 0.078125,
  "timeout_frac": 0.0,
  "mean_episode_length": 138.765625,
  "mean_max_pallet_disp_xy": 0.08187184158046446,
  "p90_max_pallet_disp_xy": 0.03516443446278572,
  "mean_max_hold_counter": 8.71875,
  "p90_max_hold_counter": 9.0,
  "step_mean_frac_inserted": 0.2622452426528544,
  "step_mean_frac_inserted_push_free": 0.05979056412566153,
  "step_mean_frac_hold_entry": 0.06283076230154262,
  "step_mean_frac_clean_insert_ready": 0.05979056412566153,
  "step_mean_frac_dirty_insert": 0.20245467852719287,
  "step_mean_frac_success": 0.006981195811282513,
  "step_mean_pallet_disp_xy": 0.17227711423361808,
  "step_mean_abs_drive_raw": 0.3725300729979455,
  "step_mean_abs_steer_raw": 0.0062358858695744715,
  "step_mean_abs_drive_applied": 0.3725300729979455,
  "step_mean_abs_steer_applied": 0.0,
  "step_mean_steer_signflip_rate": 0.0,
  "mean_abs_steer_raw_ep": 0.0064648050829418935,
  "mean_abs_steer_applied_ep": 0.0,
  "mean_max_abs_steer_raw_ep": 0.00897452502977103
}