{
  "label": "exp83_stage1_signsafe_clip_seed42_iter50_recheck3x3_normal",
  "checkpoint": "/home/uniubi/projects/forklift_sim/IsaacLab/logs/rsl_rl/forklift_pallet_insert_lift/2026-03-31_12-04-55_exp83_stage1_signsafe_clip_seed42_iter50_256cam/model_49.pt",
  "mode": "normal",
  "steer_scale": 1.0,
  "num_envs": 1,
  "episodes_per_point": 1,
  "total_grid_points": 9,
  "total_point_repeats": 9,
  "completed_point_repeats": 9,
  "planned_episodes": 9,
  "total_episodes": 9,
  "x_root": -3.4,
  "y_values": [
    -0.1,
    0.0,
    0.1
  ],
  "yaw_deg_values": [
    -4.0,
    0.0,
    4.0
  ],
  "success_rate_ep": 0.5555555555555556,
  "ever_inserted_rate": 0.6666666666666666,
  "ever_inserted_push_free_rate": 0.4444444444444444,
  "ever_hold_entry_rate": 0.5555555555555556,
  "ever_clean_insert_ready_rate": 0.4444444444444444,
  "ever_dirty_insert_rate": 0.2222222222222222,
  "timeout_frac": 0.4444444444444444,
  "mean_episode_length": 610.8888888888889,
  "mean_max_pallet_disp_xy": 2.2056274967192926,
  "mean_max_hold_counter": 5.0,
  "mean_min_dist_front": 0.006848242547776964,
  "mean_abs_steer_raw": 0.015877541309843462,
  "mean_max_abs_steer_raw": 0.0306022386584017,
  "mean_steer_raw": 0.01437095371592376,
  "mean_steer_applied": 0.01437095371592376,
  "mean_abs_steer_applied": 0.015877541309843462,
  "mean_max_abs_steer_applied": 0.0306022386584017,
  "complete": true,
  "termination_requested": false,
  "termination_reason": "",
  "error": null,
  "elapsed_sec": 276.4681279659271
}