{
  "label": "exp83_eval_bonusw1p5_seed42",
  "checkpoint": "/home/uniubi/projects/forklift_sim/IsaacLab/logs/rsl_rl/forklift_pallet_insert_lift/2026-03-26_11-50-43_exp83_bonusw1p5_seed42_iter50_256cam/model_49.pt",
  "num_envs": 16,
  "rollouts": 4,
  "total_episodes": 64,
  "eval_seed": 20260325,
  "success_rate_ep": 0.90625,
  "ever_inserted_rate": 1.0,
  "ever_inserted_push_free_rate": 0.828125,
  "ever_hold_entry_rate": 0.90625,
  "ever_clean_insert_ready_rate": 0.828125,
  "ever_dirty_insert_rate": 0.171875,
  "timeout_frac": 0.0,
  "mean_episode_length": 195.90625,
  "mean_max_pallet_disp_xy": 0.047314435891308015,
  "p90_max_pallet_disp_xy": 0.06411714851856232,
  "mean_max_hold_counter": 8.15625,
  "p90_max_hold_counter": 9.0,
  "step_mean_frac_inserted": 0.34271813686393365,
  "step_mean_frac_inserted_push_free": 0.03804434519062051,
  "step_mean_frac_hold_entry": 0.04163343435954698,
  "step_mean_frac_clean_insert_ready": 0.03804434519062051,
  "step_mean_frac_dirty_insert": 0.30467379167331315,
  "step_mean_frac_success": 0.004625937151060775,
  "step_mean_pallet_disp_xy": 0.12962221895643034
}