{
  "label": "exp83_eval_bonusw1p0_seed42",
  "checkpoint": "/home/uniubi/projects/forklift_sim/IsaacLab/logs/rsl_rl/forklift_pallet_insert_lift/2026-03-26_10-29-41_exp83_bonusw1p0_seed42_iter50_256cam/model_49.pt",
  "num_envs": 8,
  "rollouts": 8,
  "total_episodes": 64,
  "eval_seed": 20260325,
  "success_rate_ep": 0.984375,
  "ever_inserted_rate": 1.0,
  "ever_inserted_push_free_rate": 0.875,
  "ever_hold_entry_rate": 0.984375,
  "ever_clean_insert_ready_rate": 0.875,
  "ever_dirty_insert_rate": 0.125,
  "timeout_frac": 0.0,
  "mean_episode_length": 155.125,
  "mean_max_pallet_disp_xy": 0.09344954700808983,
  "p90_max_pallet_disp_xy": 0.060583338141441345,
  "mean_max_hold_counter": 8.859375,
  "p90_max_hold_counter": 9.0,
  "step_mean_frac_inserted": 0.14323126510878323,
  "step_mean_frac_inserted_push_free": 0.05026188557614827,
  "step_mean_frac_hold_entry": 0.05580177276390008,
  "step_mean_frac_clean_insert_ready": 0.05026188557614827,
  "step_mean_frac_dirty_insert": 0.09296937953263497,
  "step_mean_frac_success": 0.006345688960515713,
  "step_mean_pallet_disp_xy": 0.10042176482790685
}