{
  "label": "exp83_v3B_entry_geom_x-3.70",
  "x_root": -3.7,
  "y_m": 0.0,
  "yaw_deg": -3.0,
  "checkpoint": null,
  "rollout_steps": 0,
  "force_zero_steer": false,
  "pallet_pos": [
    0.0,
    0.0
  ],
  "pallet_yaw_deg": 0.0,
  "root_pos": [
    -3.700000047683716,
    0.0
  ],
  "root_yaw_deg": -3.000000296926017,
  "fork_center": [
    -2.4350340366363525,
    -0.06629407405853271
  ],
  "p_pre": [
    -2.130000114440918,
    0.0
  ],
  "p_goal": [
    -1.0800000429153442,
    0.0
  ],
  "s_start_m": -2.4350340366363525,
  "s_pre_m": -2.130000114440918,
  "s_goal_m": -1.0800000429153442,
  "delta_s_start_minus_pre_m": -0.30503392219543457,
  "y_start_m": -0.06629407405853271,
  "traj_num_points": 21,
  "traj_csv": "/home/uniubi/projects/forklift_sim/outputs/exp83_stage1_entry_geometry_v3/v3B_pre1p05/exp83_v3B_entry_geom_xm3p70_traj_only_xm3p70_yp0p000_yawm3p0_traj.csv",
  "png": "/home/uniubi/projects/forklift_sim/outputs/exp83_stage1_entry_geometry_v3/v3B_pre1p05/exp83_v3B_entry_geom_xm3p70_traj_only_xm3p70_yp0p000_yawm3p0.png"
}