{
  "label": "exp83_eval_b0_seed42",
  "checkpoint": "/home/uniubi/projects/forklift_sim/IsaacLab/logs/rsl_rl/forklift_pallet_insert_lift/2026-03-25_14-55-31_exp83_b0_seed42_iter50_256cam/model_49.pt",
  "num_envs": 32,
  "rollouts": 2,
  "total_episodes": 64,
  "eval_seed": 20260325,
  "success_rate_ep": 0.21875,
  "ever_inserted_rate": 0.96875,
  "ever_inserted_push_free_rate": 0.125,
  "ever_hold_entry_rate": 0.234375,
  "ever_clean_insert_ready_rate": 0.125,
  "ever_dirty_insert_rate": 0.875,
  "timeout_frac": 0.609375,
  "mean_episode_length": 732.625,
  "mean_max_pallet_disp_xy": 0.42802092216507504,
  "p90_max_pallet_disp_xy": 0.48771438002586365,
  "mean_max_hold_counter": 2.015625,
  "p90_max_hold_counter": 9.0,
  "step_mean_frac_inserted": 0.7700904282545641,
  "step_mean_frac_inserted_push_free": 0.001258317693226412,
  "step_mean_frac_hold_entry": 0.0027085821532161747,
  "step_mean_frac_clean_insert_ready": 0.001258317693226412,
  "step_mean_frac_dirty_insert": 0.7688321105613376,
  "step_mean_frac_success": 0.00029858385940965704,
  "step_mean_pallet_disp_xy": 0.36000628510201266
}