{
  "label": "exp83_eval_bonus_seed44",
  "checkpoint": "/home/uniubi/projects/forklift_sim/IsaacLab/logs/rsl_rl/forklift_pallet_insert_lift/2026-03-25_13-09-13_exp83_clean_bonus_seed44_iter50_256cam/model_49.pt",
  "num_envs": 32,
  "rollouts": 2,
  "total_episodes": 64,
  "eval_seed": 20260325,
  "success_rate_ep": 0.0625,
  "ever_inserted_rate": 0.859375,
  "ever_inserted_push_free_rate": 0.046875,
  "ever_hold_entry_rate": 0.0625,
  "ever_clean_insert_ready_rate": 0.046875,
  "ever_dirty_insert_rate": 0.8125,
  "timeout_frac": 0.9375,
  "mean_episode_length": 1023.1875,
  "mean_max_pallet_disp_xy": 0.8928863192668359,
  "p90_max_pallet_disp_xy": 4.243759632110596,
  "mean_max_hold_counter": 0.5625,
  "p90_max_hold_counter": 0.0,
  "step_mean_frac_inserted": 0.6692627206645898,
  "step_mean_frac_inserted_push_free": 0.00041231445849367786,
  "step_mean_frac_hold_entry": 0.0005497526113249038,
  "step_mean_frac_clean_insert_ready": 0.00041231445849367786,
  "step_mean_frac_dirty_insert": 0.6688504062060961,
  "step_mean_frac_success": 6.108362348054486e-05,
  "step_mean_pallet_disp_xy": 0.6328663817793556
}