{
  "label": "exp83_eval_b0_seed43",
  "checkpoint": "/home/uniubi/projects/forklift_sim/IsaacLab/logs/rsl_rl/forklift_pallet_insert_lift/2026-03-25_16-14-40_exp83_b0_seed43_iter50_256cam/model_49.pt",
  "num_envs": 32,
  "rollouts": 2,
  "total_episodes": 64,
  "eval_seed": 20260325,
  "success_rate_ep": 0.59375,
  "ever_inserted_rate": 0.984375,
  "ever_inserted_push_free_rate": 0.390625,
  "ever_hold_entry_rate": 0.609375,
  "ever_clean_insert_ready_rate": 0.390625,
  "ever_dirty_insert_rate": 0.609375,
  "timeout_frac": 0.140625,
  "mean_episode_length": 482.5625,
  "mean_max_pallet_disp_xy": 0.3772596598476343,
  "p90_max_pallet_disp_xy": 1.4889607429504395,
  "mean_max_hold_counter": 5.46875,
  "p90_max_hold_counter": 9.0,
  "step_mean_frac_inserted": 0.5083862194016319,
  "step_mean_frac_inserted_push_free": 0.007091050382074861,
  "step_mean_frac_hold_entry": 0.011170832793679576,
  "step_mean_frac_clean_insert_ready": 0.007091050382074861,
  "step_mean_frac_dirty_insert": 0.5012951690195571,
  "step_mean_frac_success": 0.0012304105685791995,
  "step_mean_pallet_disp_xy": 0.4825385743154141
}