{
  "label": "exp83_stage1_v2_seed43_iter50",
  "checkpoint": "/home/uniubi/projects/forklift_sim/IsaacLab/logs/rsl_rl/forklift_pallet_insert_lift/2026-03-27_18-58-13_exp83_stage1_steering_curriculum_v2_seed43_iter50_256cam/model_49.pt",
  "mode": "zero_steer",
  "num_envs": 1,
  "episodes_per_point": 1,
  "total_grid_points": 49,
  "total_episodes": 49,
  "x_root": -3.4,
  "y_values": [
    -0.15,
    -0.1,
    -0.05,
    0.0,
    0.05,
    0.1,
    0.15
  ],
  "yaw_deg_values": [
    -6.0,
    -4.0,
    -2.0,
    0.0,
    2.0,
    4.0,
    6.0
  ],
  "success_rate_ep": 0.3877551020408163,
  "ever_inserted_rate": 0.5102040816326531,
  "ever_inserted_push_free_rate": 0.30612244897959184,
  "ever_hold_entry_rate": 0.3877551020408163,
  "ever_clean_insert_ready_rate": 0.30612244897959184,
  "ever_dirty_insert_rate": 0.24489795918367346,
  "timeout_frac": 0.6122448979591837,
  "mean_episode_length": 731.7551020408164,
  "mean_max_pallet_disp_xy": 3.7420617111031196,
  "mean_max_hold_counter": 3.489795918367347,
  "mean_min_dist_front": 0.01399490298057089,
  "mean_abs_steer_raw": 0.01823148074350795,
  "mean_max_abs_steer_raw": 0.019445626939437827
}