{
  "label": "exp83_stage1_v2_seed44_iter50",
  "checkpoint": "/home/uniubi/projects/forklift_sim/IsaacLab/logs/rsl_rl/forklift_pallet_insert_lift/2026-03-27_19-25-06_exp83_stage1_steering_curriculum_v2_seed44_iter50_256cam/model_49.pt",
  "mode": "normal",
  "num_envs": 1,
  "episodes_per_point": 1,
  "total_grid_points": 49,
  "total_episodes": 49,
  "x_root": -3.4,
  "y_values": [
    -0.15,
    -0.1,
    -0.05,
    0.0,
    0.05,
    0.1,
    0.15
  ],
  "yaw_deg_values": [
    -6.0,
    -4.0,
    -2.0,
    0.0,
    2.0,
    4.0,
    6.0
  ],
  "success_rate_ep": 0.3877551020408163,
  "ever_inserted_rate": 0.5510204081632653,
  "ever_inserted_push_free_rate": 0.2653061224489796,
  "ever_hold_entry_rate": 0.3877551020408163,
  "ever_clean_insert_ready_rate": 0.2653061224489796,
  "ever_dirty_insert_rate": 0.2857142857142857,
  "timeout_frac": 0.6122448979591837,
  "mean_episode_length": 746.9591836734694,
  "mean_max_pallet_disp_xy": 3.564704431793785,
  "mean_max_hold_counter": 3.489795918367347,
  "mean_min_dist_front": 0.01355213535075285,
  "mean_abs_steer_raw": 0.03810212016105652,
  "mean_max_abs_steer_raw": 0.039321525060400674
}