{
  "label": "exp83_wrong_sign_abort_seed42_iter50_recheck3x3_scale075",
  "checkpoint": "/home/uniubi/projects/forklift_sim/IsaacLab/logs/rsl_rl/forklift_pallet_insert_lift/2026-03-31_09-48-47_exp83_wrong_sign_abort_seed42_iter50_256cam/model_49.pt",
  "mode": "steer_scale_p0p75",
  "steer_scale": 0.75,
  "num_envs": 1,
  "episodes_per_point": 1,
  "total_grid_points": 9,
  "total_point_repeats": 9,
  "completed_point_repeats": 9,
  "planned_episodes": 9,
  "total_episodes": 9,
  "x_root": -3.4,
  "y_values": [
    -0.1,
    0.0,
    0.1
  ],
  "yaw_deg_values": [
    -4.0,
    0.0,
    4.0
  ],
  "success_rate_ep": 0.4444444444444444,
  "ever_inserted_rate": 0.4444444444444444,
  "ever_inserted_push_free_rate": 0.3333333333333333,
  "ever_hold_entry_rate": 0.4444444444444444,
  "ever_clean_insert_ready_rate": 0.3333333333333333,
  "ever_dirty_insert_rate": 0.1111111111111111,
  "timeout_frac": 0.0,
  "mean_episode_length": 188.0,
  "mean_max_pallet_disp_xy": 0.801287260275482,
  "mean_max_hold_counter": 4.0,
  "mean_min_dist_front": 0.15194801489512125,
  "mean_abs_steer_raw": 0.31653357214397854,
  "mean_max_abs_steer_raw": 0.3519611722893185,
  "mean_steer_raw": 0.31653357214397854,
  "mean_steer_applied": 0.23740013274881575,
  "mean_abs_steer_applied": 0.23740013274881575,
  "mean_max_abs_steer_applied": 0.26397087838914657,
  "complete": true,
  "termination_requested": false,
  "termination_reason": "",
  "error": null,
  "elapsed_sec": 85.56304001808167
}