{
  "label": "exp83_eval_bonusw1p0_repro_r2_seed42_iter100",
  "checkpoint": "/home/uniubi/projects/forklift_sim/IsaacLab/logs/rsl_rl/forklift_pallet_insert_lift/2026-03-27_03-58-01_exp83_bonusw1p0_repro_r2_seed42_iter100_256cam/model_99.pt",
  "num_envs": 16,
  "rollouts": 4,
  "total_episodes": 64,
  "eval_seed": 20260325,
  "success_rate_ep": 0.765625,
  "ever_inserted_rate": 1.0,
  "ever_inserted_push_free_rate": 0.609375,
  "ever_hold_entry_rate": 0.78125,
  "ever_clean_insert_ready_rate": 0.609375,
  "ever_dirty_insert_rate": 0.421875,
  "timeout_frac": 0.03125,
  "mean_episode_length": 293.984375,
  "mean_max_pallet_disp_xy": 0.2656397388749525,
  "p90_max_pallet_disp_xy": 1.224339485168457,
  "mean_max_hold_counter": 6.96875,
  "p90_max_hold_counter": 9.0,
  "step_mean_frac_inserted": 0.49040659048631413,
  "step_mean_frac_inserted_push_free": 0.0178580919479139,
  "step_mean_frac_hold_entry": 0.023704491097528566,
  "step_mean_frac_clean_insert_ready": 0.0178580919479139,
  "step_mean_frac_dirty_insert": 0.4725484985384002,
  "step_mean_frac_success": 0.0026043050757374436,
  "step_mean_pallet_disp_xy": 0.5438243296581147
}