{
  "label": "exp83_eval_bonusw1p0_repro_r1_seed44_iter100",
  "checkpoint": "/home/uniubi/projects/forklift_sim/IsaacLab/logs/rsl_rl/forklift_pallet_insert_lift/2026-03-27_03-04-32_exp83_bonusw1p0_repro_r1_seed44_iter100_256cam/model_99.pt",
  "num_envs": 16,
  "rollouts": 4,
  "total_episodes": 64,
  "eval_seed": 20260325,
  "success_rate_ep": 0.984375,
  "ever_inserted_rate": 1.0,
  "ever_inserted_push_free_rate": 0.9375,
  "ever_hold_entry_rate": 0.984375,
  "ever_clean_insert_ready_rate": 0.9375,
  "ever_dirty_insert_rate": 0.09375,
  "timeout_frac": 0.0,
  "mean_episode_length": 160.90625,
  "mean_max_pallet_disp_xy": 0.04893403645687178,
  "p90_max_pallet_disp_xy": 0.045339107513427734,
  "mean_max_hold_counter": 8.859375,
  "p90_max_hold_counter": 9.0,
  "step_mean_frac_inserted": 0.1398329772771412,
  "step_mean_frac_inserted_push_free": 0.05136919790250534,
  "step_mean_frac_hold_entry": 0.05505923480287434,
  "step_mean_frac_clean_insert_ready": 0.05136919790250534,
  "step_mean_frac_dirty_insert": 0.08846377937463586,
  "step_mean_frac_success": 0.006117692755874927,
  "step_mean_pallet_disp_xy": 0.08917058172401315
}