{
  "label": "exp83_eval_bonusw1p0_repro_r1_seed42_iter100",
  "checkpoint": "/home/uniubi/projects/forklift_sim/IsaacLab/logs/rsl_rl/forklift_pallet_insert_lift/2026-03-27_01-16-53_exp83_bonusw1p0_repro_r1_seed42_iter100_256cam/model_99.pt",
  "num_envs": 16,
  "rollouts": 4,
  "total_episodes": 64,
  "eval_seed": 20260325,
  "success_rate_ep": 0.984375,
  "ever_inserted_rate": 1.0,
  "ever_inserted_push_free_rate": 0.859375,
  "ever_hold_entry_rate": 0.984375,
  "ever_clean_insert_ready_rate": 0.859375,
  "ever_dirty_insert_rate": 0.140625,
  "timeout_frac": 0.015625,
  "mean_episode_length": 202.890625,
  "mean_max_pallet_disp_xy": 0.08407970757936178,
  "p90_max_pallet_disp_xy": 0.06729798018932343,
  "mean_max_hold_counter": 8.859375,
  "p90_max_hold_counter": 9.0,
  "step_mean_frac_inserted": 0.10696958028494416,
  "step_mean_frac_inserted_push_free": 0.03812090874085483,
  "step_mean_frac_hold_entry": 0.04366576819407008,
  "step_mean_frac_clean_insert_ready": 0.03812090874085483,
  "step_mean_frac_dirty_insert": 0.06884867154408933,
  "step_mean_frac_success": 0.004851752021563342,
  "step_mean_pallet_disp_xy": 0.1261396454888012
}