{
  "label": "exp83_lowdim_teacher_seed42_iter50_recheck3x3_normal",
  "checkpoint": "/home/uniubi/projects/forklift_sim/IsaacLab/logs/rsl_rl/forklift_pallet_insert_lift/2026-03-30_12-46-53_exp83_lowdim_teacher_seed42_iter50/model_49.pt",
  "mode": "normal",
  "steer_scale": 1.0,
  "num_envs": 1,
  "episodes_per_point": 1,
  "total_grid_points": 9,
  "total_point_repeats": 9,
  "completed_point_repeats": 9,
  "planned_episodes": 9,
  "total_episodes": 9,
  "x_root": -3.5,
  "y_values": [
    -0.1,
    0.0,
    0.1
  ],
  "yaw_deg_values": [
    -4.0,
    0.0,
    4.0
  ],
  "success_rate_ep": 0.2222222222222222,
  "ever_inserted_rate": 0.3333333333333333,
  "ever_inserted_push_free_rate": 0.1111111111111111,
  "ever_hold_entry_rate": 0.2222222222222222,
  "ever_clean_insert_ready_rate": 0.1111111111111111,
  "ever_dirty_insert_rate": 0.2222222222222222,
  "timeout_frac": 0.6666666666666666,
  "mean_episode_length": 810.1111111111111,
  "mean_max_pallet_disp_xy": 1.7807889354112882,
  "mean_max_hold_counter": 2.0,
  "mean_min_dist_front": 0.0762189891603258,
  "mean_abs_steer_raw": 0.18836701826916802,
  "mean_max_abs_steer_raw": 0.32304780681927997,
  "mean_steer_raw": -0.13594184981452095,
  "mean_steer_applied": -0.13594184981452095,
  "mean_abs_steer_applied": 0.18836701826916802,
  "mean_max_abs_steer_applied": 0.32304780681927997,
  "complete": true,
  "termination_requested": false,
  "termination_reason": "",
  "error": null,
  "elapsed_sec": 214.33074641227722
}